Grace,1007,Sports,Dance,Yoga
Harry,1008,Computer Science,Engineering,Robotics
Irene,1009,Sociology,Psychology,Philosophy
Jack,1010,Astronomy,Astrology,Magic
Grace,1011,Sports,Dance,Yoga
Harry,1012,Computer Science,Engineering,Robotics
Irene,1013,Sociology,Psychology,Philosophy
Jack,1014,Astronomy,Astrology,Magic
Grace,1015,Sports,Dance,Yoga
Harry,1016,Computer Science,Engineering,Robotics
Irene,1017,Sociology,Psychology,Philosophy
Jack,1018,Astronomy,Astrology,Magic
Grace,1019,Sports,Dance,Yoga
Harry,1020,Computer Science,Engineering,Robotics
Grace,1021,Sports,Dance,Yoga
Harry,1022,Computer Science,Engineering,Robotics
Irene,1023,Sociology,Psychology,Philosophy
Jack,1024,Astronomy,Astrology,Magic
Grace,1025,Sports,Dance,Yoga
Harry,1026,Computer Science,Engineering,Robotics
Irene,1027,Sociology,Psychology,Philosophy
